{
  "accuracy": 0.6666666666666666,
  "precision": 0.6666666666666666,
  "recall": 1.0,
  "f1": 0.8,
  "confusion_matrix": [
    [
      0,
      1
    ],
    [
      0,
      2
    ]
  ]
}